filenames,tree_count
1.jpg,67
2.jpg,64
3.jpg,110
4.jpg,25
5.jpg,101
6.jpg,21
7.jpg,22
8.jpg,22
9.jpg,2
10.jpg,9
11.jpg,24
12.jpg,30
13.jpg,35
14.jpg,43
15.jpg,41
16.jpg,37
17.jpg,14
18.jpg,15
19.jpg,39
20.jpg,37
21.jpg,11
22.jpg,17
23.jpg,18
24.jpg,25
25.jpg,4
26.jpg,2
27.jpg,3
28.jpg,22
29.jpg,5
30.jpg,5
31.jpg,4
32.jpg,8
33.jpg,40
34.jpg,9
35.jpg,9
36.jpg,7
37.jpg,9
38.jpg,6
39.jpg,15
40.jpg,5
41.jpg,23
42.jpg,45
43.jpg,15
44.jpg,14
45.jpg,34
46.jpg,24
47.jpg,30
48.jpg,51
49.jpg,16
50.jpg,29
51.jpg,25
52.jpg,19
53.jpg,8
54.jpg,17
55.jpg,7
56.jpg,4
57.jpg,8
58.jpg,26
59.jpg,42
60.jpg,40
61.jpg,15
62.jpg,38
63.jpg,11
64.jpg,66
65.jpg,15
66.jpg,4
67.jpg,6
68.jpg,8
69.jpg,31
70.jpg,44
71.jpg,19
72.jpg,21
73.jpg,20
74.jpg,32
75.jpg,135
76.jpg,60
77.jpg,32
78.jpg,25
79.jpg,13
80.jpg,50
81.jpg,35
82.jpg,40
83.jpg,22
84.jpg,4
85.jpg,20
86.jpg,16
87.jpg,34
88.jpg,12
89.jpg,8
90.jpg,4
91.jpg,6
92.jpg,6
93.jpg,15
94.jpg,4
95.jpg,8
96.jpg,17
97.jpg,2
98.jpg,2
99.jpg,1
100.jpg,10
101.jpg,31
102.jpg,11
103.jpg,12
104.jpg,6
105.jpg,8
106.jpg,21
107.jpg,10
108.jpg,6
109.jpg,5
110.jpg,4
111.jpg,30
112.jpg,8
113.jpg,9
114.jpg,18
115.jpg,35
116.jpg,22
117.jpg,40
118.jpg,4
119.jpg,11
120.jpg,16
121.jpg,9
122.jpg,17
123.jpg,5
124.jpg,13
125.jpg,18
126.jpg,15
127.jpg,3
128.jpg,8
129.jpg,8
130.jpg,6
131.jpg,4
132.jpg,8
133.jpg,6
134.jpg,7
135.jpg,2
136.jpg,4
137.jpg,25
138.jpg,13
139.jpg,6
140.jpg,5
141.jpg,9
142.jpg,3
143.jpg,4
144.jpg,12
145.jpg,30
146.jpg,3
147.jpg,12
148.jpg,17
149.jpg,19
150.jpg,7